<?xml version="1.0" encoding="utf-8" ?>
<apple>
    <info>
        <creador>Steve Jobs</creador>
		<fechaC>01/04/1976</fechaC>
        <pais>Cupertino/California/EE.UU</pais>
        <pgrLan>Swift</pgrLan>
        <teamW>Ronald Wayne</teamW>
        <description>Apple Inc. es una empresa estadounidense que diseña y produce equipos electrónicos, software y servicios en línea. Tiene su sede central en el Apple Park, en Cupertino y la sede europea en la ciudad de Cork</description>
        <lema>Think Different</lema>
    </info>

    <product>
        <name>Safari</name>
        <developer>Apple Inc</developer>
        <date>12/10/2009</date>
        <pricing>---</pricing>
        <category>Software</category>
    </product>
</apple>