<?xml version="1.0" encoding="utf-8" ?>

<companies>
<google>
    <info>
        <creador>Larry Page</creador>
        <fechaC>04/09/1998</fechaC>
        <pais>EE.UU</pais>
        <pgrLan>C++/Java/Go/Python/Javascript</pgrLan>
        <teamW>Serguéi Brin</teamW>
        <description>Google, LLC es una compañía principal subsidiaria de la multinacional estadounidense Alphabet Inc., cuya especialización son los productos y servicios relacionados con Internet, software, dispositivos electrónicos y otras tecnologías.</description>
        <lema>Don't be evil / If you are changing the world you are working on important things</lema>
    </info>

    <product>
        <name>Google Searcher</name>
        <developer>HOLA</developer>
        <date>12/10/1999</date>
        <pricing>Gratis</pricing>
        <category>Software</category>
    </product>
</google>
<microsoft>
    <info>
        <creador>Bill Gates</creador>
		<fechaC>04/04/1975</fechaC>
        <pais>Albuquerque/Nuevo México/EE.UU</pais>
        <pgrLan>C++</pgrLan>
        <teamW>Paul Allen8</teamW>
        <description>Microsoft Corporation es una compañía tecnológica multinacional con sede en Redmond, Washington, Estados Unidos. Microsoft es el acrónimo de microcomputer y software.​Desarrolla, manufactura, licencia y provee soporte de software para computadores personales, servidores, dispositivos electrónicos y servicios</description>
        <lema>Where do you want to go today? / Be what's next</lema>
    </info>

    <product>
        <name>Edge</name>
        <developer>Microsoft Inc</developer>
        <date>12/10/2019</date>
        <pricing>Gratis</pricing>
        <category>Software</category>
    </product>
</microsoft>
<apple>
    <info>
        <creador>Steve Jobs</creador>
		<fechaC>01/04/1976</fechaC>
        <pais>Cupertino/California/EE.UU</pais>
        <pgrLan>Swift</pgrLan>
        <teamW>Ronald Wayne</teamW>
        <description>Apple Inc. es una empresa estadounidense que diseña y produce equipos electrónicos, software y servicios en línea. Tiene su sede central en el Apple Park, en Cupertino y la sede europea en la ciudad de Cork</description>
        <lema>Think Different</lema>
    </info>

    <product>
        <name>Safari</name>
        <developer>Apple Inc</developer>
        <date>12/10/2009</date>
        <pricing>---</pricing>
        <category>Software</category>
    </product>
</apple>
</companies>