<?xml version="1.0" encoding="utf-8"?>
<google>
    <info>
        <creador>Larry Page</creador>
        <fechaC>04/09/1998</fechaC>
        <pais>EE.UU</pais>
        <pgrLan>C++/Java/Go/Python/Javascript</pgrLan>
        <teamW>Serguéi Brin</teamW>
        <description>Google, LLC es una compañía principal subsidiaria de la multinacional estadounidense Alphabet Inc., cuya especialización son los productos y servicios relacionados con Internet, software, dispositivos electrónicos y otras tecnologías.</description>
        <lema>Don't be evil / If you are changing the world you are working on important things</lema>
    </info>

    <product>
        <name>Google Searcher</name>
        <developer>HOLA</developer>
        <date>12/10/1999</date>
        <pricing>Gratis</pricing>
        <category>Software</category>
    </product>

<product><name>Youtube Music</name><developer>Google Inc</developer><date>2017-01-17</date><pricing>$24</pricing></product><product><name>News</name><developer>Newsman</developer><date>2020-12-01</date><pricing>12</pricing><category>Software</category></product></google>
