<?xml version="1.0" encoding="utf-8" ?>
<microsoft>
    <info>
        <creador>Bill Gates</creador>
		<fechaC>04/04/1975</fechaC>
        <pais>Albuquerque/Nuevo México/EE.UU</pais>
        <pgrLan>C++</pgrLan>
        <teamW>Paul Allen8</teamW>
        <description>Microsoft Corporation es una compañía tecnológica multinacional con sede en Redmond, Washington, Estados Unidos. Microsoft es el acrónimo de microcomputer y software.​Desarrolla, manufactura, licencia y provee soporte de software para computadores personales, servidores, dispositivos electrónicos y servicios</description>
        <lema>Where do you want to go today? / Be what's next</lema>
    </info>

    <product>
        <name>Edge</name>
        <developer>Microsoft Inc</developer>
        <date>12/10/2019</date>
        <pricing>Gratis</pricing>
        <category>Software</category>
    </product>
</microsoft>